"38579381","5CC67E9F-DAD7-4BCA-BEEC-7302BD8AECF9","5426023","1266","12814" 
"38583178","3F256551-167F-4247-98CA-39920F148F97","5426023","1266","12815" 
"38583358","99F2D94A-E546-4F3A-9AE1-0B00D239CFF1","5426023","1266","104" 
"38583364","E5DC14BA-9EA3-483B-A628-EF620F970B4D","5426023","1266","105" 
"38583860","F828385A-6B84-4AD3-B833-D59C1E96A3C1","5427094","1267","106" 
"38583874","E645C3EE-DA99-40A3-996B-3DC21671FB82","5426023","1266","107" 
"38590529","01D65D35-95C5-4108-86A5-6888EE4E8562","5428394","1302","108" 
"38593813","FD230A19-3E1F-4C84-B3E9-3DDBBD84C88C","5429211","1376","109" 
"38595535","DE96C7B1-2040-450E-8D7E-042A5841895A","5427094","1267","112" 
"38595582","D15E28B2-2C4E-42CC-B850-1948C2F4127B","5428394","1302","113" 
"38595583","4D2F842A-F4D1-48F5-BE97-A493EE9FE516","5428394","1302","114" 
"38600458","F3D02428-DCFE-404A-9B20-513342B87E6B","5431088","1780","12818" 
"38600804","50309F50-D73E-4884-84E2-879CDDE7CAC3","5431405","1995","12819" 
"38601483","B7BDDD5F-92DB-4A85-9043-ED1EB3EC53DE","5431619","1996","117" 
"38605413","7825CF5D-F9D0-4A57-8193-8C34C4F74729","5430559","1605","118" 
"38617811","EC0C3A50-DC7E-40CA-A0CC-99D14C84E9CD","5430569","1615","12820" 
"38618429","8E5260E7-D80F-4B0B-AB55-9A29892AF586","5430735","1746","120" 
"38618430","94F7EE12-4C9B-40EB-B3C8-13A318820110","5430735","1746","121" 
"38618435","77A54613-1627-4B48-960A-F12F17F0B0E7","5430735","1746","122" 
"38618439","716EF22B-D6AD-4327-9506-B51F6B1E3884","5430735","1746","123" 
"38619880","A4E45FE2-F765-4138-83CD-AAC3249DD2BF","5427094","1267","124" 
"38620084","C19B8DDB-5CFF-43BA-9BCD-FE2256591FE9","5436795","2347","12821" 
"38620165","0D2318E1-A92B-483D-A7B9-F0C310D00531","5436803","2348","12822" 
"38621579","0D7D4547-BA0B-41E5-AA4A-B93178054DC1","5437064","2350","12823" 
"38621630","B5CE8659-68E8-470C-BA75-F0796830F439","5437064","2350","12824" 
"38621665","78AA76C9-27DA-43C2-B861-184AF7245450","5437086","2351","12825" 
"38622994","5E642CC7-AB0B-42CD-A448-B8D3E6FF3082","5430605","1643","12826" 
"38624149","0166A4FD-B70A-4A04-896D-32AB35EED021","5430605","1643","12827" 
"38625613","600C18A8-345A-4239-B181-0591209FF5C3","5430728","1743","12828" 
"38626169","A8508149-334C-454F-99C2-18CB5C759442","5437587","2353","12829" 
"38626451","CBBEEBAF-F918-49CB-A55D-464FA211616C","5437595","2354","12830" 
"38643719","703BF80A-BD71-4798-A953-DDCF8B33FCF5","5439717","2356","12831" 
"38646884","66DFE4B6-E789-497E-82C8-CD99E8CCB4D1","5438831","2355","12834" 
"38660384","D33AD85A-4482-4753-BA58-25393F42E4A5","5439717","2356","12835" 
"38662293","8316C646-826A-4D0E-8034-2BABAF74ADFA","5441539","2357","140" 
"38662301","B705189A-5DA3-42EA-8D6E-1224B32632D6","5441539","2357","141" 
"38666468","61534396-7585-4866-8DF6-D617C049A2AC","5442286","2360","142" 
"38666528","72CE7A19-451E-4767-8C06-EED4718C40F1","5442286","2360","12836" 
"38667163","CEB98071-36D1-4B18-8285-2E0121B45788","5442396","2362","146" 
"38667164","E4269CC6-D316-4846-AC7A-A47AE8BC2E78","5442396","2362","147" 
"44245393","473C5309-BC38-4231-AED4-D65D11F60A0D","5630232","2363","12839" 
"44245460","F496E7EE-8406-4F3D-8B1B-AFD9946C6A98","5430735","1746","149" 
"44245517","051FB79C-2129-4381-8B1C-68060ED09D3A","5428394","1302","150" 
"44245525","3AC3EB0D-9163-4208-B855-6CC937BE9BF5","5428394","1302","151" 
"44245739","185620E4-4DDC-4520-BAE6-4960141C614D","5630310","2364","12840" 
"44245916","7801AFEF-047C-4F38-A668-32056AA89869","5630330","2365","12841" 
"44246336","9B4B7B04-83D1-4497-B425-158BEB48F26C","5630330","2365","12842" 
"44246348","CE0DBD2C-52E8-474F-96E2-A78F0B7B21FF","5630387","2366","12843" 
"44248093","F29E5BB0-83D2-4FF2-BF7B-614AA9F3589A","5630330","2365","167" 
"44248093","F29E5BB0-83D2-4FF2-BF7B-614AA9F3589A","5630330","2365","167" 
"44257109","070661E3-FD90-4A39-A72A-017A5E8FC90C","5630960","2367","168" 
"44258651","2F3CCAA2-53FA-499F-BEC5-FBBFEF41F1D5","5436754","2346","12846" 
"44328716","C65D5E8F-EB91-472C-90AB-0226CC0AF61B","5635532","2373","12847" 
"44350812","8D0C1434-8707-46C6-B520-DEE7EF1BF8AA","5636676","2375","12848" 
"44350826","91172601-DFDE-4807-9654-914915549DB4","5636727","2376","12849" 
"44350853","E2905535-F981-4B4F-BCAB-BB0EFF9CC818","5636745","2377","12850" 
"44351072","F948DEC5-B4B7-4BA4-9EC0-F3AC21E6F841","5636676","2375","175" 
"44360335","F4885819-BFF3-4CDC-9609-FE20ADCE4A79","5427094","1267","12851" 
"44368051","585D5DE2-EA50-4E85-86F6-960A5C71EE5A","5442396","2362","177" 
"44368053","913F1F4B-E4A0-43DB-86BA-3EBB4C709069","5630960","2367","178" 
"44368878","3C5A1E7F-2F3B-443D-815A-E7AFCDCAC072","5429867","1501","181" 
"44375269","0A97C41A-7ED5-4CC2-AD5B-105389DF3263","5639610","2379","182" 
"44375270","23C38AC5-C448-415D-8A26-9DAD9FCA9271","5639610","2379","183" 
"44375627","E2F07822-3BCE-43B0-A439-FB69D29EC461","5636104","2374","184" 
"44375632","88E2FB7D-4C19-4835-A6D9-75AB45771C00","5636104","2374","185" 
"44375633","A7BAACD9-D0A4-4454-9D1A-1AD64B83290D","5636104","2374","186" 
"44388255","AB76E805-AEC8-47D1-BA7C-F2AA3CB1C799","5431730","2022","12852" 
"44388256","7D51E690-D1AC-4A1D-95A3-CC98203CE49F","5431198","1868","12853" 
"44388257","3F57B756-D871-4E6B-ACDC-A9CCD9333A88","5431108","1783","12854" 
"44388259","BD96A944-04C0-4ECC-8124-29FD3444A99B","5431718","2010","12855" 
"44388260","2F5AE018-05DA-4E6A-8CF9-1923BAAE6CD0","5430581","1625","12856" 
"44397872","D4C5898E-BAFF-435A-B7CA-BA0D4407004F","5656151","2383","12859" 
"44397888","B8D50170-1E1F-4958-B134-C9AF4F069640","5656151","2383","197" 
"44398827","2567A2CF-ED41-445D-8595-816A8C09A06F","5656151","2383","198" 
"44400945","F9B69D67-53F4-46F1-A613-6E45E654B19A","5427094","1267","201" 
"44401109","B73D08AC-7D3B-4B24-BD5B-1175BD16B6CF","5656540","2384","202" 
"44401321","AB1B774F-CBD0-4D1C-B0C6-E8B6BDBD82C3","5656553","2385","203" 
"44401371","886B88F5-1ACF-47D1-AB5A-4D058AF5FB3F","5656567","2386","12860" 
"44401390","D35CA3CE-E979-4C7A-8C9D-8E9D7539CE32","7526052","4584","12861" 
"44401403","38DC36E2-AAB5-49B1-9874-7A713EE3CDD7","7526052","4584","206" 
"44406129","C99899CF-041E-48EB-8B6C-9C40DEF8DD41","5656540","2384","12862" 
"44410926","4149BB4E-827F-4885-AA4D-5DD9552174FB","5657563","2389","12863" 
"44417556","08848A86-27B8-4048-9DAC-4BEB3317903E","5658286","2394","217" 
"44417748","FD91511D-3C33-4CA3-9E5D-17B5AB91FDC5","5430735","1746","218" 
"44423910","0D91650D-0DB2-4580-BE02-2676052536F1","5658756","2395","12866" 
"44428206","C3BF9722-1FF1-4B30-B360-1FE7D5ADA07A","5430735","1746","220" 
"44428207","5949A826-8EC1-4541-B4B5-C3828C26D88F","5430735","1746","221" 
"44432041","05E73BE4-835F-4D22-B49A-8D440FB7290E","5659004","2396","12867" 
"48092649","DEA12C72-C56B-4091-B99C-7C48F7299A02","6241817","2398","12868" 
"48093161","1CB5C3D3-F38F-44BE-B1CE-F3E7C86D3434","6241828","2399","12869" 
"48093247","130757D2-F1FA-4C1C-BEC7-9B1740C39FC5","6241838","2400","12870" 
"48096788","A31678FD-06B8-41FB-BA8B-E557F566E021","5658286","2394","226" 
"48096966","73963019-A167-458E-B678-EB6E358D2A33","5657737","2392","227" 
"48096968","DCA17ACC-07DB-4957-B694-4992F725A020","5657737","2392","228" 
"48102621","B65DA76C-AFE3-4EE1-9C83-5F8E4D303146","5656151","2383","229" 
"48108367","F7D9CD4F-5BA6-4A14-97AC-7C7DC83EE9A4","6253535","2402","12873" 
"48108379","E62D1126-03D3-4CD2-8133-8AA4C9C639D6","6253535","2402","233" 
"48108389","FBD21C30-F52D-463B-AD87-FFC7A58233AE","6253535","2402","234" 
"48672872","D391B46D-F70D-42AA-A99A-05C0AB19B843","6254469","2404","12874" 
"48672883","80FD184B-4612-4F3D-AEF4-34B232414B65","6254479","2405","236" 
"48679191","E696A8FD-FDA9-4361-ACAF-16AE9CEE7A72","5658286","2394","237" 
"48945782","125664B1-4044-4084-9A9B-BE76B3A088AD","6513850","2412","238" 
"48945897","03604591-8E4E-42AB-8F8A-3C33659609E2","6514711","2413","239" 
"48945971","DFE38ECD-5C12-410A-AAA9-728EDB7AA3E7","6517416","2414","240" 
"48949227","4B4487C9-91C4-4C17-B2BD-75860E7B0444","6518052","2415","12875" 
"48951205","3F9045BD-7E3F-4397-A5EB-4F7C93936866","7445879","4060","242" 
"48955421","2F6E2934-0474-4F6B-839F-D9F89C0420BF","6524388","2560","12876" 
"48956313","C7721D5A-E3B4-4AFF-89E2-FE64578C0358","6524479","2561","244" 
"48956315","1B15B124-DE33-4E51-A4EB-77B1878BC3F3","6524479","2561","245" 
"48975559","50F6AD7A-6C23-40CB-9E07-8154975531D7","6525687","2563","246" 
"48976911","9E604F0F-2ADA-4BFE-B9B9-1BC6A51D3562","5657737","2392","247" 
"48978821","215DF988-FC0A-43D5-810E-152DCF4670FA","6526204","2572","248" 
"48981060","9B1523FA-A5F4-41E1-8842-43BD24F27E97","6526603","2573","249" 
"48981135","A2091EC9-0BB6-4C21-AE74-8E17EC38F335","6526610","2575","250" 
"48981723","1969F2F7-04BD-479F-B110-5B4963D3F2B5","6526603","2573","251" 
"48981726","9663F28B-9057-408F-B0D5-1E5AEB1F86B2","6526603","2573","252" 
"48981727","DCB31BB0-233A-4DA6-8778-601F54F9DF6F","6526603","2573","253" 
"48981728","D4CCC407-DD37-43C1-860B-DBF99FDDB330","6526642","2578","12877" 
"48997989","48CC9669-31CB-40BC-A2B9-E0C4044019FB","6526617","2576","12878" 
"48998587","06566356-6CC5-4AAC-9BCC-0B889655CD64","6531843","2710","256" 
"48999505","41F3053E-C18F-47D5-84B6-CDD51F574137","6526204","2572","257" 
"49004881","F41C463D-3D1C-4411-95DA-19B3D8B55E84","6532993","2744","12879" 
"49005230","6D3BEF64-2EE3-45E6-8E39-664DF7B1FAC2","6533061","2745","12880" 
"49005234","E670458D-C4BE-41B1-9FAB-E572B59E9C2A","6533061","2745","260" 
"49005235","8D96ECB4-8C12-42BA-977A-C410D6D89BEB","6533061","2745","261" 
"49005236","8F27C97E-F20B-4CB4-A96B-6B227E8071E1","6526603","2573","262" 
"49005239","DFF9E892-4531-42B4-B0DE-4D4442D205B0","6518052","2415","263" 
"49005240","686F0929-DADF-48E9-9127-9429B9B9A907","6518052","2415","264" 
"49008162","BC82D3D1-7C23-404E-999F-08BA8AE3D282","6526204","2572","12881" 
"49017928","5C046410-387F-4807-BC9C-05D992BB1259","6568353","2880","266" 
"49018230","F12671DF-158C-4E57-AA31-FE9513C1ECB0","6526603","2573","267" 
"49018234","6EA99BEE-A10D-4EEA-85BD-3402D652A220","6568398","2881","268" 
"49036676","FE7EC008-448A-4F18-AD6F-853783A23727","5656151","2383","269" 
"49036808","33B4FDB5-F14A-498F-9457-A3006EF8187D","6531843","2710","270" 
"49036866","BCD345B0-BAC7-4B9F-9366-BFA25AB5CE02","6531843","2710","12882" 
"49066187","904C2AAF-66F3-467C-B0DE-CED7D6E4F014","6253535","2402","272" 
"49073751","35633D28-0F46-47C8-8438-0F23E6752D1D","9153696","8893","12883" 
"49073864","40153913-CD7C-43ED-9057-5E100EEF78E9","6580903","3333","12884" 
"49074015","AC776268-57AB-4CCA-B890-EBBC9361E8C0","6581077","3334","12885" 
"49074862","30E73365-FB4D-496A-B0A1-F3577FBA25C6","6581288","3336","12886" 
"49083237","112D0DBE-E179-439B-8FC2-A6ECE9277B47","6584837","3337","277" 
"49083910","86092C99-F39E-4108-A03C-895010CCDE35","6584961","3338","12887" 
"49083921","A5C435E3-FF28-472D-8A97-30A45E31B199","6584961","3338","279" 
"49083937","995C979F-86D0-406A-8964-DF728ADD7AC4","6584961","3338","280" 
"49096107","7B6C4A00-71BB-4BC4-9D97-E6AF464A605D","6580831","3297","12888" 
"49107143","5BD2BEB9-9F16-4827-997D-CA9827611E86","6568398","2881","282" 
"49109445","B614CB97-D780-4A1A-8AE5-5A42940E0563","8077231","7362","283" 
"49122263","F9D6BCF4-4353-484E-AE67-E1EF84DEA8FF","6588754","3340","12889" 
"49123333","CD8A3BA9-D3F6-4ED9-A1B5-5D7C594AF23E","6524479","2561","285" 
"49123336","94653190-A612-4C44-B83F-9C4C9409B40E","5657737","2392","286" 
"49124558","B6C34330-DD88-4419-B3F3-AF3BDDD5439D","6524491","2562","287" 
"49124567","CAAD7819-CC03-4A21-B644-0DF77E0E748A","6524491","2562","12890" 
"49126818","4AEEF6CA-C6D1-48E0-AFAA-C6816415EBB4","6593135","3341","290" 
"49130773","84335898-0170-4FE0-9035-CFE9EE0D0AA0","6594072","3343","12891" 
"49130786","8BE2CA75-EA7A-4A3C-8454-1E49BA16C406","5427094","1267","292" 
"49130787","684959BA-6C8F-4664-8DFF-F15E2226CA46","6253535","2402","293" 
"49131689","AAC4BE4A-F0CE-4D40-B62E-7B1EEA33CA4E","6594186","3344","294" 
"49132425","1AEEA7C0-CA38-4DFF-8A1A-BF288BD427D7","6594257","3345","12892" 
"49132828","F374A1CE-5E6C-4C1F-8051-6A9CE080E61C","5437064","2350","12893" 
"49132861","0D3A65E1-4D0E-4932-8FB6-AB4D2CE06DC2","6581251","3335","12894" 
"49133160","11B831C9-71EA-44CD-94FD-2146C0F52D24","6594524","3346","298" 
"49139632","F9232375-143D-44C2-9C22-E26986EECB82","6595398","3347","12895" 
"49140190","0FE99C89-BE67-4B21-B742-83EBC5195031","6594524","3346","12896" 
"49140279","482E45AE-D34A-43C1-8ED4-984EA0DCBA30","6594524","3346","301" 
"49140487","4F961078-DF4F-4575-A25B-12A1266B5F07","6594186","3344","302" 
"49140554","D858A69E-FDB7-419E-8573-3D7074FD2991","6584961","3338","303" 
"49140866","86438371-917B-48A7-9A9B-EE3835969D28","6595609","3348","304" 
"49144715","5F6C5436-4849-4C0B-A71A-E81287A17633","6253535","2402","12897" 
"49154649","382B869A-126D-463B-8B3B-72DD36717F64","6601719","3350","306" 
"49154691","4AE539E1-FCE1-4018-BF1E-BFF5EDBC7C5F","6601740","3352","12898" 
"49159020","439B0DAC-37EE-4C63-80BA-43936BE018F7","5429060","1368","308" 
"49200666","53763591-2D18-4CBB-828C-E30251EE3042","6568398","2881","309" 
"49200667","5B7DF72B-C7C0-4285-B0D3-77FB1CA09D50","6526603","2573","310" 
"49213697","1CA84D55-C24F-4DD9-B36F-329A9CE2F6EF","6524491","2562","311" 
"49247029","F244ABFC-A02E-4E92-A897-0DC169742DCB","6584961","3338","312" 
"49249362","57F21B8D-A07F-4BBC-A8C7-889834EF10FD","6524491","2562","313" 
"49277175","EDA74113-97EB-4C5F-B6B3-D326C1B1712F","6568398","2881","314" 
"49277176","133844A6-442C-40CE-A6C4-312D39800582","6568398","2881","315" 
"49281017","02399A6C-1469-4659-B89D-021AEFBD2478","6568398","2881","316" 
"49281018","D88E44AE-0E09-4840-A65D-E4506A4E8613","6568398","2881","317" 
"49289074","F2F51EB9-76B0-47A4-AB81-007009510DD0","6645266","3354","318" 
"49289075","AE3321E9-FE2D-45CD-BE41-3B5231A85410","6645266","3354","319" 
"49289322","53A7FB42-ADBE-45AA-8F03-C86DBBBC5CAB","5429868","1502","320" 
"49289323","97152033-BF1B-4C76-AFAA-182286D7391C","5429868","1502","321" 
"49289341","965CDE25-D053-49D8-B111-2111363182B5","6594524","3346","322" 
"49301624","566D7351-51B9-4C21-966D-B8A0CEBFDD29","6584961","3338","323" 
"49367759","EB75283A-7F01-402B-9149-169D81FBD781","6671366","3355","324" 
"49371587","9C34F4D2-18BB-479C-A785-B1CDCCD8979C","6673906","3356","12899" 
"49371800","79A2E8A7-9D2A-4126-A416-F3C57FEC40AC","6673906","3356","12900" 
"49371801","386C8D3D-4591-41F8-9595-E0B41B5D8168","6673906","3356","12901" 
"49371822","17D1C8B1-9FC6-4CE4-8B86-65D641D8EE7C","6673906","3356","12902" 
"49373791","64227F2B-A567-4882-8D7B-0B7E915DF2E1","6673906","3356","12903" 
"49373843","DE2E142F-7ABA-4C82-A7D3-F034D6327707","6673906","3356","12904" 
"49374072","352FE451-23A5-4687-9A03-A557629D78C7","6674462","3357","12905" 
"49380719","3CC27639-5FAB-46BB-9476-EC25634C36CE","6671366","3355","12906" 
"49380750","6D9F706A-07D4-465D-BB92-E279B514D3BA","6671366","3355","333" 
"49383273","EFAAE7AA-BF91-498F-96BC-9EDA5E6865F3","5657737","2392","334" 
"49401696","60DDFD5C-749D-4E71-B126-7E6452A24312","6688446","3373","12907" 
"50107780","49C11253-3B7E-4F8E-B019-A38DF2815DF1","5429868","1502","336" 
"50108506","3046ABE1-2AF5-44D3-848E-9AED08EFA999","6736174","3379","12908" 
"50123883","841E2F2A-B2DA-49BE-A505-15E632E8A0A5","6673906","3356","338" 
"50124007","96003D70-1CAF-4A37-9342-0F5CE24852F1","6673906","3356","339" 
"50141541","746EEAA8-D8B3-4180-AF88-AF0C1EE11052","6524491","2562","340" 
"50141555","AE7B28AD-AE66-4B1F-983A-50D4AFBE6EA1","6645266","3354","341" 
"50158893","4B42D38E-9E0F-4363-8760-D351EA6FF9FB","5431108","1783","342" 
"50176072","F0391BFC-5C8A-4A90-8AD9-93B9FABF9806","5430566","1612","343" 
"50176096","7636808A-7201-416E-B6A0-BFFD57611CF4","5430571","1617","344" 
"50182379","97FD2A61-F8E0-4BBF-97B1-DE1F5E33D395","6673906","3356","12909" 
"50183620","8B2BF7E0-0050-4C8C-A47D-9752C7E9C768","6269242","2408","346" 
"50189024","323F2A88-9788-4375-887A-FB87EAEA2E86","9153735","8915","347" 
"50189028","B0CFC135-1BEF-4640-94E5-83F153642BF7","5431131","1805","348" 
"50189035","C833026F-2A4E-4EAA-A437-D243A53618F1","6269242","2408","349" 
"50199916","D99A3C0A-3CCA-4CD1-9EFB-21F272765287","6673906","3356","12910" 
"50202599","25BF1FD3-3E14-4A10-9D28-5D1BB780B880","6763730","3671","353" 
"50223939","B9C047C4-3BDD-4954-9D1F-F3187E9D7D91","6769492","3682","354" 
"50224036","8AE2E587-E2CF-432B-AA0A-E77C70C1D648","6769500","3683","355" 
"50224040","B867A3E1-891A-4667-B52D-CF3D51C7A721","6769492","3682","356" 
"54514433","E92A4BF8-FC74-4978-AC68-2718AB77BCD0","7351130","3702","357" 
"54517379","EC089117-5013-4F89-B0C8-6168A3C9FD12","7355960","3712","358" 
"54519910","86A45076-0504-41F2-9EED-D4372BC53792","7356251","3717","359" 
"54554910","F2482BB2-844B-4515-B729-83D8B8BD8B7C","7351130","3702","360" 
"54554961","3926B651-6DA8-4FEF-B0F1-CD90AB178B8F","7357438","3773","361" 
"54562615","67EC8026-B380-473E-8677-7A717A3DFBE4","7358638","3786","12913" 
"54589625","9CB806C3-0DFB-4021-8B1E-3EF7CA1E215D","5431714","2006","363" 
"54591009","5C87D6F5-AE64-4CBF-AC68-373E7977282E","16431321","18898 ","15595" 
"54596302","F24A8BF0-FCB9-48CA-BA20-B3F5912E1B79","7356251","3717","366" 
"54596308","0377F926-A67F-4232-8962-D56CEDA7A734","6763619","3667","367" 
"54601091","E2902476-BE75-4BC4-A4DD-78E97C71A1B9","7356737","3767","368" 
"54601136","B0333B29-2CC4-4A1B-8C37-756CC8BFDD95","7368569","3876","369" 
"54601137","69DB7DD3-9E59-448D-A7FC-0F64F5BFBC0B","7368569","3876","370" 
"54601902","6A37B9FE-D6E0-4BBE-B027-D43D641B3D8F","7361105","3819","371" 
"54602018","1A032CD3-AB2E-4A54-A9CD-4AC715872AE1","7368722","3884","372" 
"54603087","A9A542CD-2F03-4302-A771-88FDBDEF149E","7369174","3887","373" 
"54603092","0E5E163F-A96D-4239-B0BF-5E1B0B4BD963","7369174","3887","374" 
"54603093","CB408689-4925-45B9-8A06-C8EABE5DB22C","7369174","3887","375" 
"54604054","EB140295-B648-4CA8-9D46-58A637F0057A","6573714","2936","12916" 
"54604312","58F3AA29-D8CD-48B1-BC6A-C9FFFAC21271","6573715","2937","12917" 
"54604778","C74F4C5E-5421-49E1-AED4-7077CB64762F","6573755","2946","12918" 
"54610220","75230F85-8F91-4B24-B156-078C2D7B7AE0","7393451","3909","379" 
"54614406","D5FDF015-96E1-46EB-A55D-C6BE6D48EA81","7394588","3915","12919" 
"54635433","9D9FA4EF-8ACE-466F-91B4-5E58BA032E67","9153735","8915","12920" 
"54635462","5C0226FC-D42F-4DEB-A975-47E35A199A10","6763533","3663","12921" 
"54635476","D3669C25-3BFD-4847-AB7C-48EDA13E7DEE","5430583","1627","12922" 
"54635502","662ECE98-F4EC-448A-913F-1C30017D5E7F","5431131","1805","388" 
"54635522","33DA8557-C3A7-4113-AE35-30A9354DF6A2","5430562","1608","12923" 
"54635534","74383E9E-4FBA-47BE-8230-79EBAA9C8EC7","7356251","3717","12924" 
"54635552","6B86358B-3F92-43DD-93E7-67AB0EF80FE0","5431735","2027","12925" 
"54635575","CABB19EA-7EB5-4396-9C7A-C4378B1BA83A","7368527","3853","12926" 
"54635594","0D827710-5964-4301-891B-5DD635557706","7361105","3819","12927" 
"54635640","CD3D617F-EF5A-413A-B661-ECF9695E9FD3","7547764","5229","12928" 
"54635659","AF34D200-371D-4ED1-AAF1-930542515F16","7394588","3915","12929" 
"54642006","26FC160E-BFE2-48C2-9A6E-998CA67184E7","6573715","2937","12930" 
"54642126","AE099EA4-9346-4DA0-AA71-708DDFB270DD","6573934","2965","12931" 
"54642254","9814504B-695A-463A-B976-D4356D48CF73","7398156","3934","12932" 
"54642263","E525ADF3-D03F-4C31-89CC-1D5AA2AA75C9","7360929","3809","12933" 
"54642292","D3AB348E-0425-4AF3-85E7-BE4DB9046255","7360929","3809","12934" 
"54642407","B4377C7D-5458-47B8-B794-E1922402B551","7398181","3936","12935" 
"54646337","75D69065-3739-4EA8-A533-67DFDA548143","6573741","2945","12936" 
"54647361","1690FFDF-F837-4084-8E83-FC2208ACA24B","6573741","2945","12937" 
"54650315","6F8C1C8B-808B-467B-9EA3-E5314B89CFAD","7398178","3935","404" 
"54650537","023214B8-098D-4191-8EB6-C55C818C24FC","7398178","3935","12938" 
"54651320","D5ED3D91-DA9B-45F4-8F21-3D484C1B3AA3","6573934","2965","406" 
"54660323","00A29542-56AE-4F34-B5F1-4C708A8FD5F0","6763730","3671","407" 
"54660331","71584F9E-D040-4BC4-ABC8-1DB2819D9DA8","9153735","8915","408" 
"54660346","4B819F12-2A8C-41BC-8F48-CCA449ACB891","6763730","3671","409" 
"54660347","CC46B935-6462-481B-A6D2-E41B3214F7D5","9153735","8915","410" 
"54660351","D4A9C2FA-C608-48CB-8F50-D4733D123A6E","5431131","1805","411" 
"54660354","184A4E0A-3553-4A5E-AAD5-29279B41F0CF","6269242","2408","412" 
"54660364","C0343B16-217A-4996-88D9-5CA8B8583D86","6763533","3663","413" 
"54660365","8FE5651E-16F1-480A-A526-FBD88C377B92","6763533","3663","414" 
"54660367","32620ECE-57AC-49B8-9F59-D7F843B72DEE","6763533","3663","415" 
"54660375","CC2C5A41-6416-4F29-886E-8B4C04F58167","5430583","1627","416" 
"54660404","AE994852-101D-4549-A3DD-77F05D4BC8A6","7401140","3954","417" 
"54660414","E0EBC421-D37D-4D49-AA77-84B8372CF0AE","7401140","3954","418" 
"54660643","E2BE31AF-D8FA-4A59-8D44-B0D76F2975A1","7369174","3887","12939" 
"54661588","E925F627-74CF-4D11-8891-FEC6C5180E97","7398181","3936","12940" 
"54673114","41F9265F-8816-451D-9EBB-C866CDB55D32","7361148","3820","12941" 
"54673429","A3005CF4-82C7-4229-9B5C-1ABCE7BCACBD","7351130","3702","422" 
"54676682","1A6294AF-2279-42B3-B9F5-B335F2DC8893","6573934","2965","12942" 
"54677307","E6FACC88-7C96-4E54-984A-D29C04FE3BAB","7360998","3814","12943" 
"54689138","29CF7ACB-31EA-45EC-9905-75FACD1FEEFD","7368679","3883","12944" 
"54690266","56E0CABF-DC69-48DC-8315-B95A0E7040D9","6584961","3338","426" 
"54690267","4B410458-92B7-40A8-965F-3B5246D76C77","6584961","3338","427" 
"54702335","8AAFB91C-5FB9-457A-97F7-540B22C3ED94","7358738","3788","12945" 
"54702359","6B8C18C5-95C6-4E3E-9D42-4FCD0DBD3139","7358738","3788","12946" 
"54702462","C3C60693-6195-494E-A2E4-B695C041E267","7411802","4031","12947" 
"54705690","F2161F18-5D05-4E78-B2B1-4F36CBF2C80E","7395101","3916","12948" 
"54705710","43C1452A-DF73-4080-ADAA-F8D42F2A617C","7395101","3916","12949" 
"54707093","B4A2898A-6905-4E3B-B7EB-DA96D7DBF913","7401979","3979","433" 
"54707104","02F5260F-9B9A-4ACC-8A36-5F4284C38080","7401979","3979","434" 
"54707126","466997B9-6D5C-4E4B-927F-290EAD084419","7411665","4027","435" 
"54707143","A6C24204-A466-4AE4-829C-0CC8ABB5CC9B","7411665","4027","436" 
"54708431","BC5C5E21-FEB3-443B-8846-7C6C58A29D83","7445876","4057","12950" 
"54708662","E10DB5D0-10F8-4EBE-B57E-7652E768767C","7445876","4057","438" 
"54711834","3AC01090-38AC-47E7-828C-C49CA3C2E548","7412117","4033","439" 
"54711996","3DFF8DF3-4E3E-4B4E-90BB-90EBF5EE02E1","7412117","4033","440" 
"54712193","62250B8C-BFBB-402C-8527-3EEEAA5E26E4","7368679","3883","441" 
"54715614","68A0B6CB-8B4E-4C69-83A2-05F3D3B356D8","6573741","2945","442" 
"54725269","93295C3D-9D7D-4CB4-B43C-46BA12BFD96D","7412270","4035","443" 
"54725270","A63CACD1-34C9-4046-8AEB-2B7DB00E0044","7412270","4035","444" 
"54725354","FFED28B4-1ACC-4CE0-BAFA-2E290BAC5106","7411665","4027","445" 
"54725387","ED213789-3AFF-4573-91D9-54636A8BCE2D","7411001","4021","446" 
"54725388","83611359-CC61-421C-B197-97C14A465EE5","7411001","4021","447" 
"54729033","3130F095-44C8-494C-9135-D98C596D9C09","7503070","4113","448" 
"54729957","B8CE8F66-548A-4BED-AE8D-4E6C15742CAA","7503842","4121","12951" 
"54741462","D0FFCB5B-182B-4907-96E0-557889BFF330","5431191","1861","12952" 
"54741463","CD452416-FC3A-4F1E-8C86-5EFDBDBF54B5","5431737","2029","12953" 
"54746228","9C719526-A66E-49CE-B724-BDFEC7A0FD25","7506463","4145","12954" 
"54746371","4048B06E-B499-4108-BA2C-788BD010A590","7506502","4146","12955" 
"54746582","F9394210-89A1-4E0D-9C0E-98BCFA533202","7506557","4147","12956" 
"54746669","39953E4C-B1E4-4A22-AB92-D946107E237D","7504209","4125","455" 
"54758488","8A3C8B2A-3682-49B8-A080-5F6647D9696F","5430583","1627","12957" 
"54758886","19C74D35-D8F9-43C1-B222-64A068007575","5430582","1626","12958" 
"54759760","13830036-CA46-4F00-B8C0-34A5352220D8","7509001","4156","12959" 
"54765143","996CAD5A-F6B9-4FBE-A939-B8609CA531A9","6763533","3663","459" 
"54765148","AC1B96FB-CF5E-493A-8F84-A5B770043013","5430583","1627","460" 
"54765163","0C1DF7C1-7743-444F-AC2E-C49FF81839B1","5430583","1627","461" 
"54765724","784818C0-FB80-4B3A-A784-E8A1BE291824","7509450","4161","12960" 
"54775557","C8B26DA5-D9FE-41AE-AB36-70758ED3C85E","7510914","4220","12961" 
"54780373","9CA69D8A-EF39-4D3C-B196-C7DC24271DA5","7509450","4161","464" 
"54780374","776CD95E-ADEA-4812-8906-1AF943015392","7509450","4161","465" 
"54782099","F0A6727A-06E1-48EC-ADC2-F321340FEAC7","7509001","4156","12962" 
"54784347","57B4CC7D-A847-4886-A0C0-7B27328D8314","7510850","4189","12963" 
"54784407","616B68A8-DDFD-41D0-BF22-8A5D6AB47272","12518150","14394","468" 
"54784410","BA19DDA7-440A-4A62-A19E-244D0A8CA3F9","12518150","14394","469" 
"54788119","F4C3CBA5-ED5D-43A4-9154-949BF94F7DA1","5430668","1688","12964" 
"54788345","B435B03B-6FE4-4EB2-9FE9-194B459EB335","6763619","3667","471" 
"54788351","FD7817FD-0634-4C04-AED5-6DF72647D5D7","6763619","3667","12965" 
"54788515","3475C669-656C-4151-9DFD-0AEE1403228B","7578525","6477","12966" 
"54788728","AE97B80B-581D-4664-948B-12C8F3A6A480","5429848","1493","474" 
"54789838","36CCF8EB-FA5D-4AAC-B882-B4A1F44B7949","6581288","3336","12967" 
"54795456","33EAE761-E356-4C00-8B43-3100C23BE214","7401979","3979","476" 
"54807850","910AEB7B-CEF2-492E-814D-F78129345382","7509450","4161","12968" 
"54808705","59A8FCBC-8697-430D-9D7A-541C7621B17A","7510904","4216","12969" 
"54810972","4ABCCCDA-2A91-40E5-859C-BC268B0E54ED","6744680","3608","12970" 
"54811228","1BBEE8F7-9567-4041-AE59-1C8E01A8FE51","6744680","3608","480" 
"54812822","19C7D29E-BA8A-4B63-B943-C5B92E1525E6","7518503","4383","12971" 
"54814585","2735CDD1-EC7C-4240-A7E2-219506CFBDE2","7518751","4384","12972" 
"54814634","5BA12C68-766A-4162-A08F-D8E2CA2CE37C","7573556","5838","483" 
"54816649","2DE87BA3-157E-4A4F-9C98-84C284A0A32C","6673906","3356","12973" 
"54817000","2F94D2D4-69A3-4F86-A160-1E1E00769A91","7519325","4389","12974" 
"54818676","9DD1D69B-179A-41AE-A574-F3EDADBC467A","7519778","4452","12975" 
"54818694","5E79A6F3-FC5B-4B12-B140-0D8EDEEB80C2","12518150","14394","487" 
"54818695","BFC8B53B-C5CD-40EF-83BA-D47446D07624","7401140","3954","488" 
"54818697","F44872B2-A160-405D-BC0D-F4950FECF9AF","6763619","3667","489" 
"54818723","D2EFE225-93F8-4C98-A3EF-6A937CDE2E52","7519329","4392","490" 
"54818773","63D744D5-0D05-4B3D-A3BA-52DC7B020C5F","7515960","4343","12976" 
"54818882","67C28E16-0258-4D1D-98E0-04180F9A537B","6769434","3677","12977" 
"54826344","6E32BF48-FD34-408C-B63E-BF3ED5FBAB77","7521314","4477","12978" 
"54827493","AC6CE43E-72A1-4AE2-927A-B55E344A449F","8077212","7346","494" 
"54836223","86B5B6B7-D2A3-4FE5-9C1F-B127068CD212","8077233","7364","495" 
"54836912","CFC18E6D-21EF-4B1E-BD75-1C85CB99E614","7394573","3913","12979" 
"54837337","A23E5D66-6F1B-40E4-B9F6-C8BE93ACA5CE","7394573","3913","12980" 
"54837356","54A30250-5EFE-4DB9-808C-38D95034A8B3","7394573","3913","12981" 
"54839532","6733DCB4-056B-498E-B14E-F200D6337135","6269242","2408","12982" 
"54841732","B8119E8C-BA1A-4530-82AE-A6F9D6468BA7","7401979","3979","500" 
"54843329","E7617801-943C-43BF-9031-8906321FF2DA","7519372","4435","501" 
"54843353","4B7E4CF7-6481-4ECB-82EE-DFB6BE306957","7519372","4435","12983" 
"54844090","B9CDEA4B-4CBE-4DD8-B2C8-97C06B7643D6","7519372","4435","12984" 
"54844235","D3755F1D-7087-408A-A685-7CE40572F620","7519372","4435","12985" 
"54844264","6AFB0CA0-D74E-44E8-88E1-706386377FE6","7519372","4435","12986" 
"54845943","6E8291CA-124A-4310-A8BF-B4A9A878268B","9651179","10483","12987" 
"54845958","CB3DA913-9CE0-4F50-BADD-B0865C66F866","6524479","2561","12988" 
"54846125","D1061F8D-6C94-4E98-8282-E90340D3A879","7526065","4586","12989" 
"54846548","5CEF7CB4-E743-4A66-A23E-FB05E5B8774D","7526089","4588","12990" 
"54849272","0EF0419E-9E68-46BD-B13F-B5AA861A0B61","7526159","4591","12991" 
"54849978","F65237C1-BEB0-4D75-B3E9-5DE10CB26C31","7526167","4592","12992" 
"54850373","72763678-BCC8-4DA9-A49B-DBA86EFD1851","7526179","4598","12993" 
"54850412","DC5A55CC-B29D-434C-9241-18213BF25326","6524491","2562","12994" 
"54850435","0B44E0F2-2971-4292-9A62-CA3C8CAD4D46","5658286","2394","12995" 
"54852458","121DA1CF-6E86-4CE8-A121-211C56DC5E12","7519341","4404","12996" 
"54852996","7F0BD235-4B9E-4EC4-B1E8-A2A5EC76A531","7521314","4477","516" 
"54853336","761A9353-E18D-4C12-A16D-A6F559E2D567","7521314","4477","12997" 
"54854604","440BEA90-18E8-44EE-ABFA-D23786407DCC","9651179","10483","12998" 
"54854620","3E924531-D71C-4335-AC24-2570C95D315D","7525982","4579","12999" 
"54854632","752655F3-5E6B-4723-88D6-76FCF5289877","6254897","2406","13000" 
"54854639","FEA75D0A-347A-4442-AFDB-1E8ADC0773BD","5658756","2395","13001" 
"54854646","E1516052-4C5E-4AC7-9DA7-0FF15A024803","7525988","4580","13002" 
"54854648","21AE7179-1A28-4A73-A5F6-2DCDCAAEF197","7525989","4581","13003" 
"54854690","3AD52E0C-4DA0-45EC-9129-81D0E3CF33E0","7526052","4584","13004" 
"54854695","0A064458-745D-4848-B112-279B07FC9320","5657733","2390","13005" 
"54854702","3632BA49-B6EE-4651-A7CE-0B64A2E0D326","7526051","4583","13006" 
"54854705","F352BD6C-B898-4177-B3BE-83C64B43C1E1","7526052","4584","13007" 
"54854712","47884B41-A5D7-4E3F-A54F-C9482142BAEA","7526053","4585","13008" 
"54854719","E3F84C44-705E-468D-8122-0888175415ED","7526070","4587","13010" 
"54854726","537C3BA0-7CCF-4CEE-A22B-1B45C0F1EBF7","6241828","2399","13011" 
"54854732","2BAAC4D5-3A49-4F17-A4C7-A6A74AFE5C5B","7526122","4589","13012" 
"54854742","96054C91-E94D-4CF1-A597-57C0F4CE2A92","6241838","2400","13013" 
"54854755","DD5D4CBE-6C73-440F-865C-D3896AFBDD06","5657563","2389","13014" 
"54854759","32581739-454A-4A0C-8338-C2EC94E917AF","7526175","4597","13015" 
"54854787","03BBA993-D6A0-46B2-A3BE-E57A8FCD95FD","7526174","4596","13016" 
"54854789","792644BA-1794-4F57-8A05-6825230895C3","6253512","2401","13017" 
"54854794","C81D95CB-538D-4D48-8A97-70F5919047AE","7526172","4595","13018" 
"54854800","9D6CF702-E64C-468D-9A11-3AA72CF1D991","7526171","4594","13019" 
"54854806","5E9D9667-8EDA-45C5-9E19-DAB3CC29EC4E","7526170","4593","13020" 
"54854810","44E2E022-7E52-40CA-A35E-B4CFC1BFDC29","7526170","4593","13021" 
"54854816","694ECE09-AD9B-4EB9-8B31-7C0C0FB0FDA6","7526167","4592","13022" 
"54854822","7303A320-CB57-4B80-B6DB-3CEC641EAA5F","7526213","4606","13023" 
"54854827","C4001F5B-FD7B-49BD-8327-6624AAC39E88","7526214","4607","13024" 
"54854835","75EA4E1F-514F-4D13-8C7B-D500A7C26C2F","6254479","2405","13025" 
"54854840","FC3BE597-D468-4218-82E4-22AFDCE1F346","7526227","4610","13026" 
"54854844","3D1A14C0-A0D1-43C7-A3BA-AAF11CB2D8B1","7526228","4611","13027" 
"54854845","870DC6B4-9DFC-4A7C-B2EC-22841DDB04AF","7526229","4612","13028" 
"54854854","19915669-C465-4CB0-B8F2-6516659C39FA","7526194","4599","13029" 
"54854862","46D90F3D-B02F-4C02-8831-2A77C33CD622","7526198","4600","13030" 
"54854866","8C92B12F-766A-4193-A9F2-1D68C40E9129","7526199","4601","13031" 
"54854872","9BD3B875-2082-4D07-9E97-DE7D3FDDCEB5","7526200","4602","13032" 
"54854879","1F9FCC88-4F7C-4AF7-8272-EF1CD49FD3F8","7526201","4603","13033" 
"54854882","E65996EE-37F4-47A0-B47E-D3C89B559FFD","7526212","4605","13034" 
"54854889","0AECF00C-F180-445E-8CA6-C066716AF429","7525638","4544","13035" 
"54856879","106E3ADB-7669-4B87-A372-F02CB8340A23","7412117","4033","555" 
"54856880","C27C302A-E191-42D5-86CC-D7EA5D2B2BCA","7412117","4033","556" 
"54857070","6514BB83-49F2-4871-963C-7EE4CADB3545","7519362","4425","13036" 
"54857084","FFA49613-F4ED-4E98-8125-90CA676223F2","7519325","4389","558" 
"54857092","C3729982-8068-4625-8DCB-1FCC9E08CBD8","7519341","4404","13037" 
"54875144","1EAB18CA-E14E-4454-8C41-56BA3D37D8CD","7509450","4161","560" 
"54876951","FCDAF657-85E0-4052-A224-3E1338E0F9B9","7509450","4161","13038" 
"54883066","C1E01A9C-BEAD-4030-807E-A927459D72D8","7510126","4171","13039" 
"54883137","33B28D48-6B9B-4AA9-A521-6420B95AE0A7","6584961","3338","563" 
"54883138","13E801D7-3590-42B5-A267-5A91481254CC","6584961","3338","564" 
"54883272","56967E5B-8C0A-43BF-8E0D-8EA36E672613","7519325","4389","13040" 
"54887042","EB088CC3-902B-4C12-81B4-350D02671B40","8077420","7459","13041" 
"54887060","DBBD4ABB-0A4E-41DD-97C4-658E9C5F5967","7534120","4676","13042" 
"54888123","C14EF21D-E0AB-4ED5-8876-311862DABDFF","7394588","3915","13043" 
"54890978","EBEC9D81-A410-4B23-B262-8B28786F24F6","7511706","4244","13044" 
"54892014","638F103B-CD1B-46DE-B6EA-04147ED0CAD3","8077416","7456","13045" 
"54894803","B877D365-ED3F-475E-9B74-95085DA9CF89","8077401","7442","13046" 
"54894848","8BFADCDB-48C5-432E-8556-BCF52D6E14C0","7536114","4681","13047" 
"54895304","7A1088CA-09D9-4F63-893A-793C42201852","7536154","4683","13048" 
"54897830","B6DBA93B-6A51-4E8B-AC09-4BB6E55DF4C1","8077402","7443","13049" 
"54897901","E8C4342E-F50E-4C12-A2FA-87564DADD9E2","7536372","4685","575" 
"54897902","7785E76C-38AD-44E2-9D48-7DFF19667234","7536114","4681","576" 
"54910099","4EF232A6-CD71-462B-A734-04321F3575BC","7538586","4713","13050" 
"54910413","79A3A05F-7006-4DD2-B990-4180B69C3D86","6576171","3266","13051" 
"54910418","0CB01A32-6956-47DF-8C37-635242D2FD52","5430623","1658","13052" 
"54910869","1808DB80-91A1-46D8-8F58-54A8D0337DF8","5430620","1655","13053" 
"54910877","C2E3A2D6-077F-406A-BE8C-19C8C7A12109","6576169","3264","13054" 
"54910888","F8C1189A-9469-4F8D-82DA-C18BE466907D","6576168","3263","13055" 
"54911381","62F7069C-8532-4D4F-9E02-71BBDA463C0C","7538843","4715","13056" 
"54911563","4B8BE5AA-1593-409F-8B8A-3B83D37BB0FE","7538843","4715","13057" 
"54911577","FD1B065C-3FD5-4055-BF3D-35E778726F93","6576166","3261","13058" 
"54911600","BAB5921C-FEFF-44B5-BD9D-D76582A631CF","5430630","1664","13059" 
"54911609","280295FC-1A4E-4EFC-8C64-6E43928FDD40","6576165","3260","13060" 
"54911627","5FBBDAD3-1392-48F4-8C88-D6EA92B8F81B","6576164","3259","13061" 
"54911635","87D3A9FB-745E-4808-B792-400FD2C59C75","5430633","1667","13062" 
"54911640","EFE67865-645D-4573-B1F1-A999D8548C0D","6576180","3271","13063" 
"54911675","8D07C796-4890-4ED5-8699-3AAB18590806","6576178","3270","13064" 
"54911683","6CC6D3FE-85A8-4673-A50A-303E987EB402","6576176","3269","13065" 
"54911732","8CE1B5F5-F321-4DF7-93BD-9D0B88B0932E","6576173","3267","13066" 
"54915861","82B8F0D3-5E74-411E-8E7A-9ECE11D21A74","8077420","7459","13067" 
"54915877","40EBC971-11B3-4BAF-AA22-8E48CE09CE0C","7534120","4676","13068" 
"54915889","0D28C115-BE35-4F76-A162-C5C879EBCA7B","8077416","7456","13069" 
"54915893","65D0C674-813B-4B2D-B842-14B6D42D1148","8077401","7442","13070" 
"54915895","20E76F60-BFAD-4533-AF2F-510C59C419F8","7536154","4683","13071" 
"54915899","F3FEA7FB-AB61-4131-AAAC-5E180C681E94","8077402","7443","13072" 
"54916418","39F45B99-335F-477E-877E-22FC48B1EC96","7534081","4647","13073" 
"54921926","3A697D9F-92D0-4099-A7EF-0D7F5D62C204","6573741","2945","13074" 
"54921942","5A414AC0-DF1A-465E-B827-EB6488EB6C99","7369174","3887","622" 
"54923466","80C00975-0276-474A-AB78-12DA8D752DB6","7522082","4496","13075" 
"54923499","CBD11003-021C-46A9-B984-9E765BE391E0","6573715","2937","13076" 
"54924491","AE4A027D-F530-4C4A-ACF8-D6DA677AC54D","8077416","7456","13077" 
"54926471","ED0AF72E-F951-40F1-AA94-714A80D591C6","7538586","4713","13078" 
"54927603","D32CE65D-E392-4BB3-A4CC-8F49B7CAFAF2","8077416","7456","13079" 
"54927967","AB712040-DC52-4EB1-BC4A-D7ED6C30F259","6573715","2937","13080" 
"54928156","E5139D8E-F694-4667-A3B2-A7DD3315E429","7522082","4496","13081" 
"54928170","E8A76E67-D837-439E-A884-C2F7E5B897B4","7522082","4496","13082" 
"54928181","4F6E70E6-44AF-4040-B965-49565F273038","7522082","4496","13083" 
"54928212","B3F6AEA3-DBAA-4374-8C8B-C16822B9BB1D","7522082","4496","13084" 
"54932521","2F13486E-835F-4A37-AD33-039BD2D2C48E","7547764","5229","13085" 
"54932525","9631B8B7-AC32-483D-A3AB-2A69FD2F42F9","6573715","2937","634" 
"54932526","BF44CD27-0E71-4705-BA99-44AC379A70B2","6573715","2937","635" 
"54932527","24A2E619-8C75-48F9-977A-F7728390AB7B","7547764","5229","636" 
"54932528","3DF439DA-2A23-4A2F-A735-FF4AB61E01D9","7547764","5229","637" 
"54934803","4C0866D2-1D4D-42F5-A4FD-7778A1FC953E","7538581","4709","13086" 
"54934811","C7B9E52A-8130-49A4-BCB4-986C91D4FF93","7538581","4709","639" 
"54934816","29260767-70D7-43F3-9921-3019BF06E227","7538581","4709","13087" 
"54934822","39E5963D-03F3-49A1-B7BC-13A6987A9C81","7536372","4685","13088" 
"54934823","EDA32BDF-FC3B-471A-B932-377B2B909209","7536114","4681","13089" 
"54935023","E98C89F3-7741-4C31-AB48-649F279DC21A","7522082","4496","13090" 
"54937710","5D54A616-A02D-4CD4-BDD5-D631994DE463","7522082","4496","13091" 
"54940099","C9B09958-00DE-4470-8E22-D4402B4333DB","8077420","7459","13092" 
"54940100","17613D38-4F90-411F-865A-9294D190AB45","7534120","4676","13093" 
"54940101","5E8822B3-8D56-467D-86D6-3E2277323B7E","8077420","7459","13094" 
"54940103","AE010803-530D-44AD-8588-A9A795A919D8","8077401","7442","13095" 
"54940105","B596F802-0F86-4193-8459-5C5A75EBFD2A","7536154","4683","13096" 
"54940107","9E0B6ED1-3C05-4C4C-A316-7257C3065986","8077402","7443","13097" 
"54940108","3F0A9528-E45A-4A8C-A576-1B61B186AB72","7538586","4713","13098" 
"54941867","35F07E88-375D-4F6A-9B51-1050A62DFE50","7547764","5229","13099" 
"54942095","482550A0-6D85-4D0C-8346-726B5FB849D3","7547809","5230","13100" 
"54942125","61048081-24C0-48A9-BD9F-57A0667510F6","7547814","5231","13101" 
"54942410","2FCB089D-677C-4299-A087-97EB524F9D8F","7522082","4496","13102" 
"54942477","9619B38A-0E7E-43D9-A5BD-4A67B8B98F16","7522082","4496","13103" 
"54942487","25C7986C-4AC2-4B44-9C63-51FD826D63B0","8077420","7459","13104" 
"54943658","1626DAF0-5C84-4270-B0A2-4F6E9E71896C","7522082","4496","13105" 
"54946467","5050F70C-1162-40C1-BD80-BDE9D7E625F1","7561503","5233","13106" 
"54946512","839C6663-56F3-4608-94BB-2B2A7EEB9099","7561527","5239","13107" 
"54951525","002EA7A6-FC9E-4E00-A026-3B8C37BFFA28","7572579","5809","13108" 
"54959804","73FC546C-8643-4227-A4EF-1919C006CE0C","7522082","4496","13109" 
"54959896","3BBD0AF0-76AF-4703-85E5-4AA2822E987A","7522082","4496","13110" 
"54959901","16B4EB57-1C4E-4B32-9364-A167FDCCD509","7522082","4496","13111" 
"54960032","925F0D22-29ED-4A15-B6E5-64676D9998A5","7401945","3976","665" 
"54960659","DE44E1F9-A6A4-4814-ADD4-0010FE55C227","6546839","2824","13112" 
"54960664","014AE9B7-4F52-48C1-BA2B-49625A3F281C","6546840","2825","13113" 
"54960672","04F7A6F9-B037-4046-B12A-7185E98469A2","6546841","2826","13114" 
"54960725","0E99CDD7-115E-43CA-A7D4-54E664236F59","6546842","2827","13115" 
"54960741","BF2401D4-BAAE-4C1B-A66A-FB528C88FBF6","6546843","2828","13116" 
"54960753","AB9A8AAF-7B2B-43F7-B11C-5ED30C8C8F8E","6546844","2829","13117" 
"54960772","6FFF3540-FA93-4E6C-A882-CACD185A1B85","6546845","2830","13118" 
"54960794","A5D86057-D1B0-41EB-8CDC-69D04A67F138","6546846","2831","13119" 
"54960817","53D8C285-52F5-4159-9C41-DF715E2DF700","7578525","6477","13120" 
"54960832","7780AA4D-6D9D-442E-813F-B3382E9D760C","6546861","2837","13121" 
"54961674","853F5149-6F0D-4858-92DA-A981DB7E19E0","6546862","2838","13122" 
"54961691","82665628-6617-4868-8D2A-E94B4049FE85","7578525","6477","13123" 
"54961736","176B3705-5F46-4C9F-890B-E9B8A3EF9B24","6546855","2834","13124" 
"54961754","3F35CA8A-FC32-401C-AE6F-F1F8B3786E23","6546863","2839","13125" 
"54961766","3469DB77-0BE2-4D63-9EC3-68C5E46BBECA","6546864","2840","13126" 
"54968217","85300C99-A28C-4CB6-9A9F-0732729CB978","6546865","2841","13127" 
"54968223","C1DA4580-BDDC-4149-88B0-5B64E6C4B185","6546866","2842","13128" 
"54968240","C9D3804D-0C9F-4303-8EC2-119B280E25B2","6546849","2832","13129" 
"54968253","350FC2E7-7D69-40C7-8216-C56B6D9A0848","6546867","2843","13130" 
"54968265","2925018B-BD9B-4C85-8EB2-D709D8B00BC0","6546850","2833","13131" 
"54968282","D9B50180-EAFC-41BE-8EF8-D6A23509F025","6546868","2844","13132" 
"54968305","B18E08D0-8D8F-4047-9D41-B8ECE46A25B6","6546871","2845","13133" 
"54968310","E369AA06-0A05-49CE-A651-E2A406195315","6546872","2846","13134" 
"54968319","162397E7-DBD0-4605-9858-1E050266443B","6546873","2847","13135" 
"54968321","436E6ABE-A9DD-464F-AC84-798249F85E45","6546875","2848","13136" 
"54968362","67F3DB9E-6796-4477-B07C-0C67F56F414F","6546876","2849","13137" 
"54968832","AF15153F-A1F2-4CB5-9D49-022FC6BA99BE","7565471","5387","13138" 
"54968861","DDD0BCDC-F616-45EB-9910-A606D1B5A956","7565262","5382","13139" 
"54970728","13EE54FB-8406-4A47-B305-4FAA8754F920","6546845","2830","13140" 
"54970834","2F6D6F39-D3AE-4A38-A09B-0424864E8E98","7565834","5391","13141" 
"54971227","FBEB09F0-FFFB-4ACA-938A-75D484786649","5431754","2041","13142" 
"54980885","82B7A3FC-A3CB-4FC7-8BF2-6DABFD9F020B","7568481","5629","697" 
"54980886","EE255615-BA9F-41F7-9302-B23B7EFD1DE7","7568482","5630","698" 
"54980887","4B2D0E37-E316-443B-A526-3E1D08438D78","7568483","5631","699" 
"54980888","52DC788C-A1F8-482D-A57A-A780E4DCF1DC","7568484","5632","700" 
"54980889","88F45E92-7FFA-43F2-95BB-A3F68CAF237C","7568485","5633","701" 
"54980890","C4246082-5CF3-4506-89C8-6EA25A341933","7568486","5634","702" 
"54980891","F52EC0F9-6225-49DF-A3BC-74B79F3F8D8A","7568487","5635","703" 
"54980892","06DA6C92-4067-4E0D-8649-761E36765A2F","7568488","5636","704" 
"54980893","E9856D5B-5EE0-4D37-92F9-1E6A1567309F","7568489","5637","705" 
"54980894","3AB4350F-6C22-4618-953C-243EC1F1FF67","7568490","5638","706" 
"54980895","DEABCDBA-3269-4059-BDB3-BFCA812B8EEC","7568491","5639","707" 
"54980896","DFAAD60B-7F4C-4867-97BB-C7A2C5344782","7568492","5640","708" 
"54980897","CC83091F-42D6-4895-8D63-ACAACB3EA4D4","7568493","5641","709" 
"54980898","B6F51D75-FE37-485E-85B5-B2B70132D9D9","7568494","5642","710" 
"54980899","CE5E4CBB-88F0-43A6-AC19-606EF5A1DF9D","7568495","5643","711" 
"54980900","8C09BB2D-4668-4D20-9E05-6A9140C2B09D","7568496","5644","712" 
"54980901","BA7A87E7-4C5F-41F2-9DA7-1EE194CDD173","7568497","5645","713" 
"54980902","11F512B4-D1A7-4397-8009-9481DB4EB217","7568498","5646","714" 
"54980903","FAB99EDD-8F59-4143-B3FD-ED0460876DCC","7568499","5647","715" 
"54980905","12A0C847-6C85-46AD-960A-A2B7A6F41F0F","7568501","5648","716" 
"54980906","ED0804E3-1BD5-4D7B-AF97-52DF5B3B77FC","7568502","5649","717" 
"54980907","EC476814-14BB-4494-90FB-F0D65CAF479B","7568503","5650","718" 
"54980908","1C6615D5-CFDC-48DD-9F6C-BF64ECD5B81E","7568504","5651","719" 
"54980911","2985B1B5-7CF2-44F0-A1BD-28F9AE31F380","7568507","5652","720" 
"54980912","82092AE3-8019-46DE-90DF-F2BE10A07DF2","7568508","5653","721" 
"54980913","9F62C65B-9C44-4DCB-A061-A6C5D4D4078C","7568509","5654","722" 
"54980914","C1B6866B-7EED-49F1-B87B-75368CBE8180","7568510","5655","723" 
"54980915","F79B3853-49CD-403F-93CA-DCCCF9EBBF9C","7568511","5656","724" 
"54980916","FAF35DBD-841A-4A1D-A66D-BFD35CB857E4","7568512","5657","725" 
"54980917","DA3FF696-7707-481D-B636-416BFA62066F","7568513","5658","726" 
"54980918","12D43350-3035-4194-9382-0C53DEBC5B9B","7568514","5659","727" 
"54980919","4EF71361-739C-4006-B881-7F05A1320516","7568515","5660","728" 
"54980921","8908B832-1C3A-4C8D-9712-63E72B189FEE","7568516","5661","729" 
"54980922","9B0FB542-3054-401B-BD74-B808DFA5ABAB","7568517","5662","730" 
"54980923","8F99C3C7-BB13-4D03-864D-3F1AD4DA6DF1","7568518","5663","731" 
"54980924","57532BFD-6191-4976-9739-C137E44052A1","7568519","5664","732" 
"54980925","5D6FF4A3-E0DB-473D-B2FD-5AC4037503CD","7568520","5665","733" 
"54980926","49698C1B-5C34-42CB-92F5-2010C9CE4EB0","7568521","5666","734" 
"54980927","B1F111DB-817C-453C-AED5-15E0E1FD7CE4","7568522","5667","735" 
"54980928","630A01AD-B547-4974-91DC-64FF2DA03B1A","7568523","5668","736" 
"54980929","D5542790-2C37-4313-AC0B-6B1582C25AAD","7568524","5669","737" 
"54980931","827DB23B-8FE6-4315-BC24-D3E2054E66C5","7568526","5670","738" 
"54980932","1222E145-E18E-4922-B8AA-92E7097822F5","7568527","5671","739" 
"54980933","15FF79EF-BCCA-4ABF-9296-54C52EEFD784","7568528","5672","740" 
"54980934","A82659FF-C0ED-4EFF-B975-913B81F29608","7568529","5673","741" 
"54980935","26AD1B3B-80D6-400C-B92B-09547DB46AF4","7568530","5674","742" 
"54980936","35C7E5E9-F051-4C88-8824-0F297C8A4C56","7568531","5675","743" 
"54980937","AB0862D4-40D2-49EE-9384-2FB5D0E59D0E","7568532","5676","744" 
"54980938","5774B617-A6D1-4E5E-BE57-024784578201","7568533","5677","745" 
"54980939","12518372-498F-47FB-B48F-EBD649AC2672","7568534","5678","746" 
"54980940","A0BB7CEA-B9FE-4024-A955-A721D2937A41","7568535","5679","747" 
"54980941","6330FF07-97A6-48F5-933D-FBA6B3D91648","7568536","5680","748" 
"54980942","3CC9936B-E11D-404E-9C20-21A317C5D7D4","7568537","5681","749" 
"54980945","E77C83D1-D1DB-4ADB-A187-DF678F7B52AF","7568540","5682","750" 
"54980946","692ED10F-E9CE-4BD4-994A-F0C638E43353","7568541","5683","751" 
"54980947","6B384661-902F-4533-AAC0-F1CEFE516AC3","7568542","5684","752" 
"54980948","491BAF3C-3881-454D-ABC1-1D5B5816C4AD","7568543","5685","753" 
"54980949","879BCE32-897D-4B28-9069-60268494B151","7568544","5686","754" 
"54980950","AD872E00-563D-4AC3-84BA-7B504F7B7F58","7568545","5687","755" 
"54980951","AC9C8BE2-C6FA-4E47-B454-A0FA5AAD35F8","7568546","5688","756" 
"54980952","802D79CA-6DF9-4E82-9AD7-E502EF046F48","7568547","5689","757" 
"54980953","0277E9EC-DFF9-4485-A1BB-6496966ED92A","7568548","5690","758" 
"54980954","0F23E4E7-4CBD-44EE-808E-AF2966E7092E","7568549","5691","759" 
"54980955","84558AD3-1F90-4CA3-BD5B-A3D6C281A7E3","7568550","5692","760" 
"54980956","DF9BC87F-5AA4-455E-9F78-EEFC56C97547","7568551","5693","761" 
"54980957","DAE81E66-BAD2-4F9E-9AE7-3032FA027E04","7568552","5694","762" 
"54980958","F5BDE74E-BBDA-4E4B-AF84-1E2C75281124","7568553","5695","763" 
"54980959","1BA5E33F-5A95-4FD3-976F-52B54989FF25","7568554","5696","764" 
"54980960","D6604474-CD89-4D85-BD21-389C2566EE19","7568555","5697","765" 
"54980961","F00B8366-1917-4DE5-AA4C-509E3A60D3F4","7568556","5698","766" 
"54980962","62B57FF8-C9B1-45DA-81EC-111844A4D797","7568557","5699","767" 
"54980963","1946C5A4-5658-495D-9320-3BAB698904BB","7568558","5700","768" 
"54980964","D0E7B972-D675-424B-868A-D2F532974E75","7568559","5701","769" 
"54980965","94707F35-5EEC-4DAF-BE79-1DFBA07597B2","7568560","5702","770" 
"54980966","B4458AB8-AE99-49A1-950B-A145170B5C3F","7568561","5703","771" 
"54980967","B9C00409-AB06-44CC-849D-CD2C1EEA414B","7568562","5704","772" 
"54980968","02E54C1C-F01B-455D-A2E5-B31795F31C8C","7568563","5705","773" 
"54980969","C77C7B27-1A48-4325-848C-D797A61CC669","7568564","5706","774" 
"54980970","7C747621-C470-4876-9C9A-FDF7DAC2ADFB","7568565","5707","775" 
"54980971","793B09FB-6459-4AEA-AC67-867FBBF30B8B","7568566","5708","776" 
"54980972","435FF8BC-28F4-49CA-9F7E-0EA68A33996C","7568567","5709","777" 
"54980973","B9081E18-0589-4D0B-B1B1-021F87F31C45","7568568","5710","778" 
"54980974","EDA0F561-E089-4A32-85FD-43915705C936","7568569","5711","779" 
"54980975","B2D29259-68A4-4D79-992D-F81F0949A1A4","7568570","5712","780" 
"54980976","91C49CDE-E53A-4C1D-9600-08C4DFD1F196","7568571","5713","781" 
"54980977","7CB197F7-96A6-43DC-8DB9-33CE8907BF35","7568572","5714","782" 
"54980978","A7E09F18-2871-4C0E-8AE8-FE5F1D5ACE1D","7568573","5715","783" 
"54980980","AA59661F-C0AD-4F64-94D7-228718176386","7568574","5716","784" 
"54980981","4F6311B0-72B9-4769-9B12-147E820620EF","7568575","5717","785" 
"54980982","CAA1A7DB-6334-4C93-8A29-F05F3EC6C6E4","7568576","5718","786" 
"54980983","6926BD8D-BFD0-4C82-B4C2-F782B26E1ACA","7568577","5719","787" 
"54980984","48B09CE0-BBAF-46EC-B864-78ACEB2A167F","7568578","5720","788" 
"54980985","2D73A036-03C3-4B32-8866-37B2E1CA2B3B","7568579","5721","789" 
"54980986","A0C63514-D19C-401F-A179-16CEBDFBDC4A","7568580","5722","790" 
"54980987","C52186FB-50B6-43F9-B31E-595A23ED457D","7568581","5723","791" 
"54980988","CF708CD5-5406-4FC8-A50D-FE7E7BC912BF","7568582","5724","792" 
"54980989","87C25518-8487-41BF-B182-A6EF6FB69FC9","7568583","5725","793" 
"54980990","B61F9936-F1AD-4AF3-9AEB-8176D1FC09CC","7568584","5726","794" 
"54980991","3FC60C78-4422-4B1E-AA12-03DC65FEE92A","7568585","5727","795" 
"54980992","42CC7C71-8886-4B80-892F-72DB173B35CC","7568586","5728","796" 
"54980993","67FE82BF-FA87-4F2B-B376-FE462906EDDF","7568587","5729","797" 
"54980995","DBE4497B-844C-4D46-9C91-A0C846DCC906","7568589","5730","798" 
"54980996","C0E8C835-9963-4B18-B360-1CCD1142DB83","7568590","5731","799" 
"54980997","C51B77C0-97EC-4F6D-9C03-A3DD4AE00D62","7568591","5732","800" 
"54980998","D522A796-0FEB-49DB-88CC-0AC22E9F249C","7568592","5733","801" 
"54980999","55F09B5D-724D-48FE-9420-8CCAAEA03BFF","7568593","5734","802" 
"54981000","71F90D68-1CDF-4EAC-AFAF-AA0A2F23C4D3","7568594","5735","803" 
"54981001","2C03F07A-A9B8-4D9E-A950-B77C5381CA5A","7568595","5736","804" 
"54981002","4F21BB6E-822E-42A0-A8CE-67407B4ADF64","7568596","5737","805" 
"54981003","D0A0C852-3571-4389-B77A-536078DED66D","7568597","5738","806" 
"54981004","77ECFFEA-1A05-4FBF-8ACB-6785F03F4065","7568598","5739","807" 
"54981005","C4E20645-CADB-43C3-9406-488F0334CE88","7568599","5740","808" 
"54981006","CD598C8C-D887-43F6-974F-6499744FEEA3","7568600","5741","809" 
"54981008","9CF4744C-892E-4313-8356-BCBFACC2CE39","7568602","5742","810" 
"54981009","0F93CDC9-6E23-42D2-A1BF-A65B827893F4","7568603","5743","811" 
"54981010","024AD90E-3492-418E-A45E-52467525A958","7568604","5744","812" 
"54981011","B41C4846-1391-4A64-8C2A-948DDF7044FB","7568605","5745","813" 
"54981012","676A9F70-8235-4F16-8D38-9B8B61A7344A","7568606","5746","814" 
"54981013","C8B95B0B-2D92-4CE2-9350-CC337BBF6386","7568607","5747","815" 
"54981014","2F403260-6B25-466E-B30F-97F54003E627","7568608","5748","816" 
"54981015","C0126D29-E86C-46C6-855A-FB37C49260C2","7568609","5749","817" 
"54981017","48D724B1-C4EC-44DD-A45F-FE750D45FA9B","7568611","5750","818" 
"54981018","32F5495B-0FA2-4AFB-A33A-77AC29B03BB2","7568612","5751","819" 
"54981019","8B4567FC-77CF-4277-B845-4A958851CCD3","7568613","5752","820" 
"54981020","5275E1F7-9236-447D-A2A4-28A3F3F880EE","7568614","5753","821" 
"54981021","926A3276-EB20-4EAA-8E67-BD3390B7565B","7568615","5754","822" 
"54981022","DA3A9776-3D44-402A-9FD0-39B3B345EB4B","7568616","5755","823" 
"54981023","9F26DC6F-EB95-43FB-BAEF-0C4A4782BC68","7568617","5756","824" 
"54981024","AFF7171C-DD13-4F5A-83F5-97326B56CE17","7568618","5757","825" 
"54981025","492C4CCC-BE00-4A1E-90FA-62E0EE3ACBD2","7568619","5758","826" 
"54981026","428C7863-A55B-4E0A-B812-897BDC6FB0BF","7568620","5759","827" 
"54981027","673241A5-1528-47F4-854A-F0E44BC189B0","7568621","5760","828" 
"54981028","B6D9FF2B-7E0D-4550-905C-860FA24A163D","7568622","5761","829" 
"54981029","17793FC5-04D3-4C69-829E-E2380C987033","7568623","5762","830" 
"54981030","CE0386EF-B126-436D-8CB0-E3D86B1799E1","7568624","5763","831" 
"54981031","A117D135-8D06-4805-8C6C-976AA101280E","7568625","5764","832" 
"54981032","10A31EDF-2260-4944-92A9-A24A4CDA1BA0","7568626","5765","833" 
"54981033","7774B34E-8698-4A2F-B9AE-5FCF09F7F13B","7568627","5766","834" 
"54981034","295F7E9A-93AD-4FDF-AB6B-42449947D439","7568628","5767","835" 
"54981035","DDA25B7C-CFCB-430E-AE8F-09B720F4C86A","7568629","5768","836" 
"54981036","30D68D7A-0E9F-4359-834E-51F2170F157F","7568630","5769","837" 
"54981037","16F90A6D-2E4C-4518-8D31-B99E88F1A005","7568631","5770","838" 
"54981038","8B79D719-DA02-403E-B8CC-F31C6B6ECBBE","7568632","5771","839" 
"54981039","83C7D629-FCA9-4288-A763-E5B57A01690E","7568633","5772","840" 
"54981040","52A7C010-177E-4875-9660-86711FFC6F2C","7568634","5773","841" 
"54981041","C75E63E7-166E-4A95-86C1-691266892498","7568635","5774","842" 
"54981042","289D3A68-DE5D-4E56-B63F-86CA489E281D","7568636","5775","843" 
"54981044","6EA6794A-632F-4611-BAFB-E29D80FDDE04","7568638","5776","844" 
"54981045","28B6C0F1-0EF0-4D32-B232-233C7A0CA183","7568639","5777","845" 
